{"\ubc15\uc900\ud638": [2.57, 14], "\ucd5c\uc7ac\uac15": [3.3, 18], "\ucd5c\uc9c4\ud601": [1.8599999999999999, 8], "\uae40\ub9b0\ud68c": [2.3, 13], "\ud64d\uc2b9\uc758": [2.57, 13], "\uad6c\ubbfc\ud601": [1.8599999999999999, 7], "\ud55c\uc0c1\uc900": [0.57, 2]}