{"\ubc15\uc900\ud638": [1.9999999999999998, 11], "\ucd5c\uc7ac\uac15": [2.43, 12], "\ucd5c\uc9c4\ud601": [1.8599999999999999, 6], "\uae40\ub9b0\ud68c": [1.71, 8], "\ud64d\uc2b9\uc758": [2, 8], "\uad6c\ubbfc\ud601": [1.8599999999999999, 7], "\ud55c\uc0c1\uc900": [0, 1]}