{"\ubc15\uc900\ud638": [3.0, 16], "\ucd5c\uc7ac\uac15": [3.3, 20], "\ucd5c\uc9c4\ud601": [1.8599999999999999, 9], "\uae40\ub9b0\ud68c": [3.01, 14], "\ud64d\uc2b9\uc758": [2.57, 15], "\uad6c\ubbfc\ud601": [1.8599999999999999, 7], "\ud55c\uc0c1\uc900": [0.57, 2]}