{"\ubc15\uc900\ud638": [1.5699999999999998, 8], "\ucd5c\uc7ac\uac15": [2, 9], "\ucd5c\uc9c4\ud601": [1, 5], "\uae40\ub9b0\ud68c": [1.71, 6], "\ud64d\uc2b9\uc758": [2, 6], "\uad6c\ubbfc\ud601": [1.8599999999999999, 6], "\ud55c\uc0c1\uc900": [0, 1]}